id,observed_on_string,observed_on,time_observed_at,time_zone,user_id,user_login,user_name,created_at,updated_at,quality_grade,license,url,image_url,sound_url,tag_list,description,num_identification_agreements,num_identification_disagreements,captive_cultivated,oauth_application_id,place_guess,latitude,longitude,positional_accuracy,private_place_guess,private_latitude,private_longitude,public_positional_accuracy,geoprivacy,taxon_geoprivacy,coordinates_obscured,positioning_method,positioning_device,species_guess,scientific_name,common_name,iconic_taxon_name,taxon_id
405953125,2026-10-04 15:52:45,2026-10-04,2026-10-04 22:52:45 UTC,Pacific Time (US & Canada),285603,rmcminds,Ryan McMinds,2026-10-05 01:15:46 UTC,2026-10-05 01:15:47 UTC,needs_id,CC-BY,https://www.inaturalist.org/observations/405953125,https://inaturalist-open-data.s3.amazonaws.com/photos/745750798/medium.jpg,,,,0,0,False,843.0,"Evergreen Beach Trail, Olympia, WA, US",47.0847555,-122.977945,11.0,,,,11.0,,,False,,,,Ulva fenestrata,,Plantae,152972.0
405952971,2026-10-04 15:37:01,2026-10-04,2026-10-04 22:37:01 UTC,Pacific Time (US & Canada),285603,rmcminds,Ryan McMinds,2026-10-05 01:15:08 UTC,2026-10-05 01:15:09 UTC,needs_id,CC-BY,https://www.inaturalist.org/observations/405952971,https://inaturalist-open-data.s3.amazonaws.com/photos/745750473/medium.jpg,,,,0,0,False,843.0,"Evergreen Beach Trail, Olympia, WA, US",47.0846778333,-122.978195,11.0,,,,11.0,,,False,,,,Venturia inaequalis,Apple Scab,Fungi,203151.0
405952367,2026-10-04 14:52:38,2026-10-04,2026-10-04 21:52:38 UTC,Pacific Time (US & Canada),285603,rmcminds,Ryan McMinds,2026-10-05 01:12:26 UTC,2026-10-05 01:12:27 UTC,needs_id,CC-BY,https://www.inaturalist.org/observations/405952367,https://inaturalist-open-data.s3.amazonaws.com/photos/745749279/medium.jpg,,,,0,0,False,843.0,"Dogtooth Ln NW, Olympia, WA, US",47.0721055,-122.9798366667,3.0,,,,3.0,,,False,,,,Xeromphalina campanella,Pinewood Gingertail,Fungi,56251.0
405376439,2026-10-02 15:20:40,2026-10-02,2026-10-02 22:20:40 UTC,Pacific Time (US & Canada),285603,rmcminds,Ryan McMinds,2026-10-03 02:43:32 UTC,2026-10-03 02:43:35 UTC,needs_id,CC-BY,https://www.inaturalist.org/observations/405376439,https://inaturalist-open-data.s3.amazonaws.com/photos/744588146/medium.jpg,,,,0,0,False,843.0,"Angeline Avenue South NE, Suquamish, WA, US",47.724225,-122.557625,4.0,,,,4.0,,,False,,,,Ganoderma brownii,Artist's Conk,Fungi,348812.0
401695622,2026-09-19 14:22:22,2026-09-19,2026-09-19 21:22:22 UTC,Pacific Time (US & Canada),285603,rmcminds,Ryan McMinds,2026-09-19 23:19:39 UTC,2026-09-19 23:19:41 UTC,needs_id,CC-BY,https://www.inaturalist.org/observations/401695622,https://inaturalist-open-data.s3.amazonaws.com/photos/737308806/medium.jpg,,,,0,0,False,843.0,"Simmons Rd, Tumwater, WA, US",47.0210805,-122.903495,3.0,,,,3.0,,,False,,,,Ancistrocerus bustamente,,Insecta,266192.0
398144921,2026-09-06 19:54:53,2026-09-06,2026-09-07 02:54:53 UTC,Pacific Time (US & Canada),285603,rmcminds,Ryan McMinds,2026-09-07 16:13:11 UTC,2026-09-13 22:36:21 UTC,research,CC-BY,https://www.inaturalist.org/observations/398144921,https://inaturalist-open-data.s3.amazonaws.com/photos/730329119/medium.jpg,,,,1,0,False,843.0,"Orbit Pl SE, Olympia, WA, US",47.0177583333,-122.8568416667,4.0,,,,4.0,,,False,,,Pacific Dampwood Termite,Zootermopsis angusticollis,Pacific Dampwood Termite,Insecta,121383.0
389190434,2026-08-07 15:04:21,2026-08-07,2026-08-07 22:04:21 UTC,Pacific Time (US & Canada),285603,rmcminds,Ryan McMinds,2026-08-08 00:09:53 UTC,2026-08-08 00:09:54 UTC,needs_id,CC-BY,https://www.inaturalist.org/observations/389190434,https://inaturalist-open-data.s3.amazonaws.com/photos/712864859/medium.jpg,,,,0,0,False,843.0,"Tilley Rd S, Olympia, WA, US",46.9090216667,-122.9102333333,22.0,,,,22.0,,,False,,,,Xysticus locuples,,Arachnida,233888.0
388087804,2026-08-03 17:09:31,2026-08-03,2026-08-04 00:09:31 UTC,Pacific Time (US & Canada),285603,rmcminds,Ryan McMinds,2026-08-04 04:29:16 UTC,2026-08-04 04:29:17 UTC,needs_id,CC-BY,https://www.inaturalist.org/observations/388087804,https://inaturalist-open-data.s3.amazonaws.com/photos/710731168/medium.jpg,,,,0,0,False,843.0,"W Marine Dr, Kalama, WA, US",46.0062638833,-122.8476716667,4.0,,,,4.0,,open,False,,,,Sesbania punicea,Scarlet Sesbane,Plantae,79065.0
388087772,2026-08-03 15:32:40,2026-08-03,2026-08-03 22:32:40 UTC,Pacific Time (US & Canada),285603,rmcminds,Ryan McMinds,2026-08-04 04:29:05 UTC,2026-08-04 12:21:05 UTC,needs_id,CC-BY,https://www.inaturalist.org/observations/388087772,https://inaturalist-open-data.s3.amazonaws.com/photos/710731101/medium.jpg,,,,0,0,False,843.0,"Forest Service Road 8303, Carson, WA, US",46.1069195,-122.2126833333,4.0,,,,4.0,,,False,,,,Nepytia phantasmaria,Phantom Hemlock Looper,Insecta,334645.0
388087676,2026-08-03 14:57:35,2026-08-03,2026-08-03 21:57:35 UTC,Pacific Time (US & Canada),285603,rmcminds,Ryan McMinds,2026-08-04 04:28:26 UTC,2026-08-04 04:28:26 UTC,needs_id,CC-BY,https://www.inaturalist.org/observations/388087676,https://inaturalist-open-data.s3.amazonaws.com/photos/710730870/medium.jpg,,,,0,0,False,843.0,"Ape Cave Trail, Cougar, WA, US",46.1095971667,-122.21132,3733.0,,,,3733.0,,,False,,,,Platylabus,,Insecta,250655.0
387937284,2026-08-03 11:05:10,2026-08-03,2026-08-03 18:05:10 UTC,Pacific Time (US & Canada),285603,rmcminds,Ryan McMinds,2026-08-03 18:10:13 UTC,2026-08-03 21:53:49 UTC,research,CC-BY,https://www.inaturalist.org/observations/387937284,https://inaturalist-open-data.s3.amazonaws.com/photos/710434186/medium.jpg,,,,2,0,False,843.0,"Spirit Lake Hwy, Castle Rock, WA, US",46.29952,-122.8189166667,14.0,,,,14.0,,open,False,,,Canada Jay,Perisoreus canadensis,Canada Jay,Aves,8335.0
387937273,2026-08-02 22:47:51,2026-08-02,2026-08-03 05:47:51 UTC,Pacific Time (US & Canada),285603,rmcminds,Ryan McMinds,2026-08-03 18:10:11 UTC,2026-08-03 18:10:13 UTC,needs_id,CC-BY,https://www.inaturalist.org/observations/387937273,https://inaturalist-open-data.s3.amazonaws.com/photos/710434172/medium.jpg,,,,0,0,False,843.0,"Spirit Lake Hwy, Castle Rock, WA, US",46.29907,-122.8198466667,85.0,,,,85.0,,,False,,,,Dyslobus granicollis,,Insecta,455873.0
387786085,2026-08-02 15:59:17,2026-08-02,2026-08-02 22:59:17 UTC,Pacific Time (US & Canada),285603,rmcminds,Ryan McMinds,2026-08-03 05:24:49 UTC,2026-08-03 05:24:50 UTC,needs_id,CC-BY,https://www.inaturalist.org/observations/387786085,https://inaturalist-open-data.s3.amazonaws.com/photos/710138304/medium.jpg,,,,0,0,False,843.0,"Birth Of A Lake, Toutle, WA, US",46.29097,-122.264405,13.0,,,,13.0,,,False,,,,Euthera,,Insecta,199959.0
387786062,2026-08-02 15:49:09,2026-08-02,2026-08-02 22:49:09 UTC,Pacific Time (US & Canada),285603,rmcminds,Ryan McMinds,2026-08-03 05:24:35 UTC,2026-08-03 05:24:36 UTC,needs_id,CC-BY,https://www.inaturalist.org/observations/387786062,https://inaturalist-open-data.s3.amazonaws.com/photos/710138244/medium.jpg,,,,0,0,False,843.0,"Birth Of A Lake, Toutle, WA, US",46.2909616667,-122.2644416667,4.0,,,,4.0,,,False,,,,Altica ambiens,Alder Flea Beetle,Insecta,213085.0
387786026,2026-08-02 15:25:45,2026-08-02,2026-08-02 22:25:45 UTC,Pacific Time (US & Canada),285603,rmcminds,Ryan McMinds,2026-08-03 05:24:21 UTC,2026-08-05 23:36:48 UTC,research,CC-BY,https://www.inaturalist.org/observations/387786026,https://inaturalist-open-data.s3.amazonaws.com/photos/710138183/medium.jpg,,,,1,0,False,843.0,"Birth Of A Lake, Toutle, WA, US",46.2908166667,-122.264525,4.0,,,,4.0,,open,False,,,Water-purslane,Lythrum portula,Water-purslane,Plantae,77918.0
387786015,2026-08-02 15:21:00,2026-08-02,2026-08-02 22:21:00 UTC,Pacific Time (US & Canada),285603,rmcminds,Ryan McMinds,2026-08-03 05:24:14 UTC,2026-08-03 13:21:33 UTC,needs_id,CC-BY,https://www.inaturalist.org/observations/387786015,https://inaturalist-open-data.s3.amazonaws.com/photos/710138130/medium.jpg,,,,2,1,False,843.0,"Birth Of A Lake, Toutle, WA, US",46.29045,-122.26458,4.0,,,,4.0,,open,False,,,Water-crowfoots,Batrachium,Water-crowfoots,Plantae,957902.0
387785992,2026-08-02 15:13:30,2026-08-02,2026-08-02 22:13:30 UTC,Pacific Time (US & Canada),285603,rmcminds,Ryan McMinds,2026-08-03 05:24:00 UTC,2026-08-03 05:24:00 UTC,needs_id,CC-BY,https://www.inaturalist.org/observations/387785992,https://inaturalist-open-data.s3.amazonaws.com/photos/710138060/medium.jpg,,,,0,0,False,843.0,"Birth Of A Lake, Toutle, WA, US",46.2903116667,-122.2645333333,4.0,,,,4.0,,open,False,,,,Myosotis laxa,bay forget-me-not,Plantae,78150.0
387785979,2026-08-02 15:13:23,2026-08-02,2026-08-02 22:13:23 UTC,Pacific Time (US & Canada),285603,rmcminds,Ryan McMinds,2026-08-03 05:23:51 UTC,2026-08-03 05:23:52 UTC,needs_id,CC-BY,https://www.inaturalist.org/observations/387785979,https://inaturalist-open-data.s3.amazonaws.com/photos/710138020/medium.jpg,,,,0,0,False,843.0,"Birth Of A Lake, Toutle, WA, US",46.2903116667,-122.2645333333,4.0,,,,4.0,,open,False,,,,Callitriche stagnalis,Pond water-starwort,Plantae,75938.0
387785946,2026-08-02 15:12:43,2026-08-02,2026-08-02 22:12:43 UTC,Pacific Time (US & Canada),285603,rmcminds,Ryan McMinds,2026-08-03 05:23:38 UTC,2026-08-03 16:16:13 UTC,research,CC-BY,https://www.inaturalist.org/observations/387785946,https://inaturalist-open-data.s3.amazonaws.com/photos/710137949/medium.jpg,,,,1,0,False,843.0,"Birth Of A Lake, Toutle, WA, US",46.2903883333,-122.2645633333,4.0,,,,4.0,,open,False,,,ribbon-leaved pondweed,Potamogeton epihydrus,ribbon-leaved pondweed,Plantae,78709.0
387409605,2026-08-01 17:41:26,2026-08-01,2026-08-02 00:41:26 UTC,Pacific Time (US & Canada),285603,rmcminds,Ryan McMinds,2026-08-02 02:58:22 UTC,2026-10-09 21:09:07 UTC,research,CC-BY,https://www.inaturalist.org/observations/387409605,https://inaturalist-open-data.s3.amazonaws.com/photos/709411276/medium.jpg,,,,1,0,False,843.0,"Silver Lake Wetland Haven, Castle Rock, WA, US",46.2950966667,-122.8190383333,4.0,,,,4.0,,open,False,,,western burning bush,Euonymus occidentalis,western burning bush,Plantae,64542.0
